{"cameraMode":{"drawMode":0,"name":"Shaded","section":"Shading Mode"},"sceneLighting":true,"audioPlay":false,"sceneViewState":{"m_AlwaysRefresh":false,"showFog":true,"showSkybox":true,"showFlares":true,"showImageEffects":true,"showParticleSystems":true,"showVisualEffectGraphs":true,"m_FxEnabled":true},"in2DMode":false,"pivot":{"x":-15.204181671142579,"y":10.081796646118164,"z":-13.864879608154297},"rotation":{"x":-0.054268818348646167,"y":-0.02786673977971077,"z":0.0014071052428334952,"w":-0.998210072517395},"size":8.304104804992676,"orthographic":false}