{"cameraMode":{"drawMode":0,"name":"Shaded","section":"Shading Mode"},"sceneLighting":true,"audioPlay":false,"sceneViewState":{"m_AlwaysRefresh":false,"showFog":true,"showSkybox":true,"showFlares":true,"showImageEffects":true,"showParticleSystems":true,"showVisualEffectGraphs":true,"m_FxEnabled":true},"in2DMode":false,"pivot":{"x":491.3837585449219,"y":203.98170471191407,"z":477.66705322265627},"rotation":{"x":-0.016210077330470086,"y":0.005097648128867149,"z":-0.00020250292436685413,"w":-0.9999547600746155},"size":502.0560302734375,"orthographic":false}